id,dataset_name,category,source,last_updated,record_count,file_size_mb,created_at
1,dataset_1,security,internal,9/17/2023,84887,119.16,11/28/2025 8:26
2,dataset_2,marketing,internal,6/5/2024,42078,77.02,11/28/2025 8:26
3,dataset_3,hr,public,11/29/2024,27319,370.47,11/28/2025 8:26
4,dataset_4,operations,partner,1/2/2024,15539,27.06,11/28/2025 8:26
5,dataset_5,security,external,9/18/2023,56050,408.69,11/28/2025 8:26
6,dataset_6,hr,external,11/14/2023,35740,338.83,11/28/2025 8:26
7,dataset_7,sales,internal,10/3/2023,18377,233.05,11/28/2025 8:26
8,dataset_8,operations,internal,10/5/2023,50339,496.65,11/28/2025 8:26
9,dataset_9,sales,external,6/13/2024,1090,363.12,11/28/2025 8:26
10,dataset_10,operations,internal,10/11/2024,34132,393.01,11/28/2025 8:26
11,dataset_11,hr,partner,6/9/2023,74190,43.71,11/28/2025 8:26
12,dataset_12,sales,partner,8/12/2023,32166,282.08,11/28/2025 8:26
13,dataset_13,hr,public,4/12/2023,11757,383.21,11/28/2025 8:26
14,dataset_14,operations,internal,7/28/2024,60093,326.9,11/28/2025 8:26
15,dataset_15,security,partner,8/16/2023,71868,495.39,11/28/2025 8:26
16,dataset_16,operations,public,7/15/2024,49213,293.47,11/28/2025 8:26
17,dataset_17,marketing,partner,12/12/2023,89004,45.77,11/28/2025 8:26
18,dataset_18,operations,external,6/24/2024,38082,185.34,11/28/2025 8:26
19,dataset_19,operations,internal,4/27/2023,4616,235.78,11/28/2025 8:26
20,dataset_20,operations,public,7/27/2023,1932,468.22,11/28/2025 8:26
21,dataset_21,marketing,public,10/22/2024,62633,159.96,11/28/2025 8:26
22,dataset_22,operations,internal,11/18/2024,72715,381.49,11/28/2025 8:26
23,dataset_23,operations,external,7/23/2023,59398,193.49,11/28/2025 8:26
24,dataset_24,operations,partner,7/12/2024,19114,152.49,11/28/2025 8:26
25,dataset_25,sales,public,3/15/2024,94084,249.49,11/28/2025 8:26
26,dataset_26,security,partner,1/13/2023,50535,354.64,11/28/2025 8:26
27,dataset_27,security,partner,6/14/2023,51592,372.6,11/28/2025 8:26
28,dataset_28,operations,external,12/13/2023,64458,418.13,11/28/2025 8:26
29,dataset_29,sales,partner,7/17/2023,1204,317.91,11/28/2025 8:26
30,dataset_30,security,partner,11/29/2023,9767,367.22,11/28/2025 8:26
31,dataset_31,hr,partner,6/30/2024,22588,402.87,11/28/2025 8:26
32,dataset_32,operations,external,1/24/2024,53310,47.83,11/28/2025 8:26
33,dataset_33,security,external,8/24/2024,43755,210.27,11/28/2025 8:26
34,dataset_34,security,external,5/21/2023,54374,220.34,11/28/2025 8:26
35,dataset_35,sales,external,7/22/2024,55944,151.48,11/28/2025 8:26
36,dataset_36,sales,partner,3/6/2023,5299,27.92,11/28/2025 8:26
37,dataset_37,hr,public,2/1/2024,74767,167.98,11/28/2025 8:26
38,dataset_38,sales,partner,6/8/2024,18287,301.14,11/28/2025 8:26
39,dataset_39,sales,external,6/28/2024,27266,387.29,11/28/2025 8:26
40,dataset_40,sales,public,3/19/2023,72579,258.37,11/28/2025 8:26
41,dataset_41,marketing,partner,1/30/2024,20382,181.44,11/28/2025 8:26
42,dataset_42,security,public,8/20/2024,32703,11.64,11/28/2025 8:26
43,dataset_43,hr,partner,6/10/2023,8589,256.74,11/28/2025 8:26
44,dataset_44,hr,partner,6/29/2024,94606,415.18,11/28/2025 8:26
45,dataset_45,operations,external,4/28/2023,71859,55.91,11/28/2025 8:26
46,dataset_46,operations,public,6/29/2024,63306,29.11,11/28/2025 8:26
47,dataset_47,sales,partner,8/12/2024,79240,366.8,11/28/2025 8:26
48,dataset_48,sales,external,11/6/2024,57555,50.49,11/28/2025 8:26
49,dataset_49,security,external,7/19/2023,47763,372.33,11/28/2025 8:26
50,dataset_50,operations,public,7/13/2024,40080,469.15,11/28/2025 8:26
51,dataset_51,marketing,internal,7/4/2024,59584,48.15,11/28/2025 8:26
52,dataset_52,security,internal,3/30/2023,31514,425.94,11/28/2025 8:26
53,dataset_53,sales,public,6/23/2024,72685,260.3,11/28/2025 8:26
54,dataset_54,marketing,internal,3/11/2023,73444,83.25,11/28/2025 8:26
55,dataset_55,marketing,external,2/7/2024,11261,483.71,11/28/2025 8:26
56,dataset_56,sales,public,11/1/2023,24451,58,11/28/2025 8:26
57,dataset_57,marketing,partner,3/21/2023,97999,146.05,11/28/2025 8:26
58,dataset_58,security,public,1/20/2023,79115,355.6,11/28/2025 8:26
59,dataset_59,hr,partner,8/21/2024,68232,99.48,11/28/2025 8:26
60,dataset_60,sales,public,6/22/2024,69528,178.76,11/28/2025 8:26
61,dataset_61,sales,partner,1/1/2023,49054,346.65,11/28/2025 8:26
62,dataset_62,sales,internal,1/7/2023,2204,372.75,11/28/2025 8:26
63,dataset_63,security,internal,1/17/2023,31215,433.7,11/28/2025 8:26
64,dataset_64,security,external,4/14/2024,62545,222.98,11/28/2025 8:26
65,dataset_65,marketing,external,2/1/2024,629,245.96,11/28/2025 8:26
66,dataset_66,hr,public,8/13/2024,62043,34.62,11/28/2025 8:26
67,dataset_67,marketing,public,7/26/2023,35330,36.82,11/28/2025 8:26
68,dataset_68,hr,partner,10/10/2023,58889,146.44,11/28/2025 8:26
69,dataset_69,hr,internal,8/10/2023,42206,345.07,11/28/2025 8:26
70,dataset_70,security,public,8/7/2023,23559,19.2,11/28/2025 8:26
71,dataset_71,security,partner,10/29/2023,41118,56.19,11/28/2025 8:26
72,dataset_72,hr,internal,10/2/2024,84698,94.93,11/28/2025 8:26
73,dataset_73,hr,partner,4/30/2024,59908,454.73,11/28/2025 8:26
74,dataset_74,marketing,public,5/3/2023,85565,109.59,11/28/2025 8:26
75,dataset_75,operations,internal,1/9/2024,49399,337.97,11/28/2025 8:26
76,dataset_76,marketing,public,5/13/2023,14716,490.18,11/28/2025 8:26
77,dataset_77,marketing,public,11/9/2024,65204,77.51,11/28/2025 8:26
78,dataset_78,security,internal,5/27/2023,35175,363.2,11/28/2025 8:26
79,dataset_79,hr,partner,3/17/2023,17954,451.29,11/28/2025 8:26
80,dataset_80,operations,partner,2/17/2024,34323,30.65,11/28/2025 8:26
81,dataset_81,security,internal,11/22/2023,77294,320.34,11/28/2025 8:26
82,dataset_82,operations,public,5/26/2023,89002,193.88,11/28/2025 8:26
83,dataset_83,marketing,public,3/11/2023,61870,213.83,11/28/2025 8:26
84,dataset_84,security,external,8/25/2024,64491,140.86,11/28/2025 8:26
85,dataset_85,sales,public,10/1/2024,11354,165.88,11/28/2025 8:26
86,dataset_86,security,external,10/14/2024,34830,398.38,11/28/2025 8:26
87,dataset_87,operations,public,1/29/2024,58494,373.37,11/28/2025 8:26
88,dataset_88,security,internal,9/22/2023,22944,202.69,11/28/2025 8:26
89,dataset_89,operations,external,10/12/2024,76828,53.06,11/28/2025 8:26
90,dataset_90,sales,external,4/10/2023,87358,63.54,11/28/2025 8:26
91,dataset_91,operations,external,11/23/2023,29187,144.02,11/28/2025 8:26
92,dataset_92,sales,internal,9/14/2023,10159,91.61,11/28/2025 8:26
93,dataset_93,hr,partner,9/7/2023,10278,301.89,11/28/2025 8:26
94,dataset_94,operations,external,3/18/2023,41119,83.17,11/28/2025 8:26
95,dataset_95,marketing,partner,12/1/2024,32536,137.73,11/28/2025 8:26
96,dataset_96,sales,internal,1/1/2024,57764,394.85,11/28/2025 8:26
97,dataset_97,sales,partner,9/15/2023,78880,422.14,11/28/2025 8:26
98,dataset_98,security,partner,4/8/2024,12844,124.31,11/28/2025 8:26
99,dataset_99,marketing,partner,7/13/2024,3494,367.88,11/28/2025 8:26
100,dataset_100,marketing,public,10/21/2024,90974,245.3,11/28/2025 8:26
101,dataset_101,sales,external,3/8/2023,75789,152.14,11/28/2025 8:26
102,dataset_102,hr,external,9/26/2023,82106,282.56,11/28/2025 8:26
103,dataset_103,sales,public,7/3/2024,47980,362.93,11/28/2025 8:26
104,dataset_104,sales,internal,5/13/2023,67487,40.75,11/28/2025 8:26
105,dataset_105,hr,internal,2/26/2024,87415,259.43,11/28/2025 8:26
106,dataset_106,security,external,1/8/2023,87118,391.51,11/28/2025 8:26
107,dataset_107,security,partner,3/12/2023,81966,385.36,11/28/2025 8:26
108,dataset_108,hr,internal,6/14/2023,30607,104.56,11/28/2025 8:26
109,dataset_109,sales,public,12/20/2023,60540,414.47,11/28/2025 8:26
110,dataset_110,security,partner,8/26/2024,95056,154.08,11/28/2025 8:26
111,dataset_111,sales,external,4/12/2023,43337,405.54,11/28/2025 8:26
112,dataset_112,hr,partner,11/25/2023,37974,462.04,11/28/2025 8:26
113,dataset_113,marketing,partner,9/27/2024,87767,58.57,11/28/2025 8:26
114,dataset_114,marketing,internal,5/7/2023,96543,378.96,11/28/2025 8:26
115,dataset_115,security,partner,12/9/2023,13071,375.26,11/28/2025 8:26
116,dataset_116,operations,internal,1/14/2024,85865,487.12,11/28/2025 8:26
117,dataset_117,security,partner,4/24/2023,53343,13.57,11/28/2025 8:26
118,dataset_118,hr,external,1/23/2023,78719,134.56,11/28/2025 8:26
119,dataset_119,sales,partner,3/8/2024,76174,234.74,11/28/2025 8:26
120,dataset_120,hr,external,7/19/2024,41846,32.84,11/28/2025 8:26
121,dataset_121,security,public,7/15/2023,27742,128.06,11/28/2025 8:26
122,dataset_122,hr,public,1/28/2023,4271,136.93,11/28/2025 8:26
123,dataset_123,security,partner,3/19/2024,25413,298.84,11/28/2025 8:26
124,dataset_124,hr,partner,10/13/2024,75639,426.5,11/28/2025 8:26
125,dataset_125,hr,internal,6/3/2024,28896,6.12,11/28/2025 8:26
126,dataset_126,security,internal,3/14/2023,14633,327.37,11/28/2025 8:26
127,dataset_127,sales,partner,4/10/2023,85914,364.56,11/28/2025 8:26
128,dataset_128,hr,external,1/8/2024,22189,179.42,11/28/2025 8:26
129,dataset_129,security,partner,11/25/2023,1784,133.69,11/28/2025 8:26
130,dataset_130,operations,partner,2/14/2023,44032,261.52,11/28/2025 8:26
131,dataset_131,security,public,9/19/2023,7240,111.12,11/28/2025 8:26
132,dataset_132,marketing,partner,6/17/2023,56554,486.76,11/28/2025 8:26
133,dataset_133,sales,public,10/17/2024,26140,485.62,11/28/2025 8:26
134,dataset_134,sales,external,7/19/2024,56320,325.67,11/28/2025 8:26
135,dataset_135,hr,public,3/17/2024,12371,26.86,11/28/2025 8:26
136,dataset_136,operations,public,5/24/2023,72084,479.28,11/28/2025 8:26
137,dataset_137,operations,partner,6/25/2024,62155,23.8,11/28/2025 8:26
138,dataset_138,hr,internal,12/1/2023,62094,106.77,11/28/2025 8:26
139,dataset_139,sales,partner,8/7/2023,1247,187.06,11/28/2025 8:26
140,dataset_140,security,external,6/1/2024,37221,320.84,11/28/2025 8:26
141,dataset_141,hr,external,2/6/2023,6172,403.1,11/28/2025 8:26
142,dataset_142,sales,partner,10/4/2023,63557,29.82,11/28/2025 8:26
143,dataset_143,sales,external,12/15/2023,62137,414.56,11/28/2025 8:26
144,dataset_144,sales,partner,1/11/2023,35858,184.17,11/28/2025 8:26
145,dataset_145,sales,public,6/6/2023,65042,250.45,11/28/2025 8:26
146,dataset_146,marketing,public,1/10/2024,9523,414.18,11/28/2025 8:26
147,dataset_147,marketing,external,5/31/2023,10641,153.6,11/28/2025 8:26
148,dataset_148,sales,partner,7/6/2024,61954,495.31,11/28/2025 8:26
149,dataset_149,sales,public,8/29/2024,39646,133.16,11/28/2025 8:26
150,dataset_150,hr,external,1/31/2024,13224,259.35,11/28/2025 8:26
151,dataset_151,operations,partner,4/3/2024,4986,257.8,11/28/2025 8:26
152,dataset_152,security,public,11/17/2024,14635,299.03,11/28/2025 8:26
153,dataset_153,security,external,10/15/2024,18481,484.71,11/28/2025 8:26
154,dataset_154,sales,external,5/24/2024,45676,75.6,11/28/2025 8:26
155,dataset_155,security,public,2/27/2023,16547,321.89,11/28/2025 8:26
156,dataset_156,marketing,external,3/9/2023,28307,267.49,11/28/2025 8:26
157,dataset_157,sales,partner,2/3/2023,55961,314.44,11/28/2025 8:26
158,dataset_158,hr,internal,3/7/2023,30379,262.37,11/28/2025 8:26
159,dataset_159,sales,internal,3/11/2023,92375,167.89,11/28/2025 8:26
160,dataset_160,hr,internal,5/28/2023,87336,307.91,11/28/2025 8:26
161,dataset_161,marketing,partner,12/16/2023,42570,254.33,11/28/2025 8:26
162,dataset_162,security,external,5/20/2023,71901,145.17,11/28/2025 8:26
163,dataset_163,sales,external,3/25/2023,14106,177.88,11/28/2025 8:26
164,dataset_164,operations,partner,10/13/2024,19524,126.05,11/28/2025 8:26
165,dataset_165,operations,external,11/22/2024,13547,396.39,11/28/2025 8:26
166,dataset_166,hr,external,3/18/2024,1764,362.02,11/28/2025 8:26
167,dataset_167,security,partner,7/7/2023,97642,112.54,11/28/2025 8:26
168,dataset_168,marketing,internal,5/29/2023,32546,394.69,11/28/2025 8:26
169,dataset_169,security,external,2/26/2024,3803,456.15,11/28/2025 8:26
170,dataset_170,hr,public,1/27/2024,33322,481.36,11/28/2025 8:26
171,dataset_171,hr,public,3/5/2024,28435,494.84,11/28/2025 8:26
172,dataset_172,sales,external,11/6/2023,63404,227.15,11/28/2025 8:26
173,dataset_173,hr,partner,9/20/2023,15238,65.77,11/28/2025 8:26
174,dataset_174,operations,internal,11/12/2023,25435,349.29,11/28/2025 8:26
175,dataset_175,sales,internal,8/6/2024,58370,457.87,11/28/2025 8:26
176,dataset_176,sales,public,5/14/2023,76249,188.71,11/28/2025 8:26
177,dataset_177,sales,public,8/13/2024,89387,298.61,11/28/2025 8:26
178,dataset_178,sales,partner,3/26/2023,91374,127.77,11/28/2025 8:26
179,dataset_179,security,internal,4/9/2023,14633,120.52,11/28/2025 8:26
180,dataset_180,sales,public,6/26/2023,77629,448.02,11/28/2025 8:26
181,dataset_181,hr,partner,3/12/2024,88167,110.03,11/28/2025 8:26
182,dataset_182,hr,partner,2/19/2023,50509,12.01,11/28/2025 8:26
183,dataset_183,marketing,partner,3/31/2024,60395,375.62,11/28/2025 8:26
184,dataset_184,sales,partner,8/2/2023,87203,110.13,11/28/2025 8:26
185,dataset_185,sales,external,3/17/2024,86698,393.13,11/28/2025 8:26
186,dataset_186,marketing,internal,1/1/2023,40731,12.69,11/28/2025 8:26
187,dataset_187,marketing,public,1/26/2023,92210,111.55,11/28/2025 8:26
188,dataset_188,sales,external,11/11/2024,4425,306.21,11/28/2025 8:26
189,dataset_189,hr,internal,11/30/2023,11808,81.48,11/28/2025 8:26
190,dataset_190,marketing,partner,4/21/2024,37764,328.01,11/28/2025 8:26
191,dataset_191,security,public,6/9/2023,66497,370.56,11/28/2025 8:26
192,dataset_192,marketing,external,3/15/2024,22475,421.71,11/28/2025 8:26
193,dataset_193,marketing,partner,3/6/2024,40502,282.71,11/28/2025 8:26
194,dataset_194,sales,public,11/4/2024,93992,70.27,11/28/2025 8:26
195,dataset_195,security,external,1/27/2024,93808,90.83,11/28/2025 8:26
196,dataset_196,hr,external,12/12/2023,92008,211.33,11/28/2025 8:26
197,dataset_197,hr,public,5/28/2023,43391,255.11,11/28/2025 8:26
198,dataset_198,security,external,11/13/2023,81478,281.21,11/28/2025 8:26
199,dataset_199,operations,public,9/1/2024,22446,119.77,11/28/2025 8:26
200,dataset_200,marketing,internal,6/3/2024,86524,312.11,11/28/2025 8:26
201,dataset_201,sales,internal,3/7/2023,12059,204.8,11/28/2025 8:26
202,dataset_202,sales,external,3/24/2023,51078,41.42,11/28/2025 8:26
203,dataset_203,hr,internal,12/12/2023,47930,446.91,11/28/2025 8:26
204,dataset_204,sales,partner,7/18/2024,2649,196.58,11/28/2025 8:26
205,dataset_205,security,public,6/15/2024,79299,484.76,11/28/2025 8:26
206,dataset_206,marketing,partner,5/27/2024,3355,427.9,11/28/2025 8:26
207,dataset_207,security,public,9/3/2024,90937,186.35,11/28/2025 8:26
208,dataset_208,security,external,8/5/2024,89892,485.33,11/28/2025 8:26
209,dataset_209,marketing,partner,2/21/2024,62832,54.59,11/28/2025 8:26
210,dataset_210,marketing,external,3/10/2023,25320,120.58,11/28/2025 8:26
211,dataset_211,marketing,partner,10/30/2023,44227,120.21,11/28/2025 8:26
212,dataset_212,operations,internal,6/28/2024,65138,311.3,11/28/2025 8:26
213,dataset_213,operations,partner,7/24/2023,69078,447.62,11/28/2025 8:26
214,dataset_214,security,partner,2/7/2023,77709,320.51,11/28/2025 8:26
215,dataset_215,security,public,8/25/2023,90713,417.54,11/28/2025 8:26
216,dataset_216,security,external,12/1/2023,61131,107.7,11/28/2025 8:26
217,dataset_217,marketing,partner,10/22/2024,32279,250.86,11/28/2025 8:26
218,dataset_218,hr,internal,12/1/2023,95922,413.93,11/28/2025 8:26
219,dataset_219,hr,external,10/25/2023,78191,413.09,11/28/2025 8:26
220,dataset_220,marketing,internal,6/10/2024,64755,205.59,11/28/2025 8:26
221,dataset_221,marketing,external,8/21/2023,37736,494.12,11/28/2025 8:26
222,dataset_222,sales,external,3/12/2024,62595,449.53,11/28/2025 8:26
223,dataset_223,security,internal,2/28/2024,28591,315.12,11/28/2025 8:26
224,dataset_224,hr,partner,9/16/2024,90632,477.76,11/28/2025 8:26
225,dataset_225,security,internal,3/3/2024,80779,151.28,11/28/2025 8:26
226,dataset_226,operations,partner,7/25/2023,79499,390.29,11/28/2025 8:26
227,dataset_227,operations,public,6/10/2023,56766,86.74,11/28/2025 8:26
228,dataset_228,marketing,internal,10/11/2024,42056,99.3,11/28/2025 8:26
229,dataset_229,security,public,5/7/2023,56337,164.36,11/28/2025 8:26
230,dataset_230,hr,public,7/27/2023,13064,315.55,11/28/2025 8:26
231,dataset_231,operations,public,1/16/2023,16399,201.54,11/28/2025 8:26
232,dataset_232,hr,external,1/22/2024,69104,119.71,11/28/2025 8:26
233,dataset_233,hr,public,3/8/2024,11205,240.16,11/28/2025 8:26
234,dataset_234,sales,internal,2/21/2024,98164,418.87,11/28/2025 8:26
235,dataset_235,hr,internal,8/26/2023,68866,384.76,11/28/2025 8:26
236,dataset_236,sales,public,3/27/2023,37289,458.83,11/28/2025 8:26
237,dataset_237,hr,internal,4/22/2023,75003,51.14,11/28/2025 8:26
238,dataset_238,operations,partner,2/29/2024,68517,298.94,11/28/2025 8:26
239,dataset_239,marketing,public,10/27/2023,91380,421.69,11/28/2025 8:26
240,dataset_240,hr,public,2/1/2024,13515,243.13,11/28/2025 8:26
241,dataset_241,marketing,partner,10/16/2023,56588,228.49,11/28/2025 8:26
242,dataset_242,operations,public,3/7/2024,58744,16.05,11/28/2025 8:26
243,dataset_243,hr,external,1/9/2023,40298,21.43,11/28/2025 8:26
244,dataset_244,marketing,internal,2/17/2024,67785,122.8,11/28/2025 8:26
245,dataset_245,sales,internal,12/8/2023,50991,333.74,11/28/2025 8:26
246,dataset_246,sales,external,4/20/2024,65511,425.53,11/28/2025 8:26
247,dataset_247,operations,public,5/18/2023,57110,251.08,11/28/2025 8:26
248,dataset_248,operations,partner,2/12/2023,72503,15.94,11/28/2025 8:26
249,dataset_249,operations,external,5/2/2023,74212,359.77,11/28/2025 8:26
250,dataset_250,sales,partner,11/18/2023,94599,286.73,11/28/2025 8:26
251,dataset_251,marketing,internal,6/8/2023,37518,418.96,11/28/2025 8:26
252,dataset_252,operations,external,9/21/2024,46982,442.65,11/28/2025 8:26
253,dataset_253,marketing,internal,9/14/2023,64893,483.02,11/28/2025 8:26
254,dataset_254,security,external,11/28/2024,25426,404.52,11/28/2025 8:26
255,dataset_255,sales,internal,2/19/2023,300,129.45,11/28/2025 8:26
256,dataset_256,operations,external,11/23/2023,75097,473.95,11/28/2025 8:26
257,dataset_257,hr,internal,7/19/2023,9307,19.82,11/28/2025 8:26
258,dataset_258,marketing,partner,9/27/2024,97257,38.39,11/28/2025 8:26
259,dataset_259,operations,internal,1/23/2023,65870,392.23,11/28/2025 8:26
260,dataset_260,operations,external,9/25/2023,88380,431.54,11/28/2025 8:26
261,dataset_261,operations,internal,6/22/2024,89112,127.06,11/28/2025 8:26
262,dataset_262,sales,partner,12/18/2023,51926,76.82,11/28/2025 8:26
263,dataset_263,security,partner,12/30/2023,52659,297.1,11/28/2025 8:26
264,dataset_264,hr,partner,9/19/2024,21899,65.24,11/28/2025 8:26
265,dataset_265,hr,internal,3/31/2023,12453,260.81,11/28/2025 8:26
266,dataset_266,hr,internal,5/25/2024,51802,478.07,11/28/2025 8:26
267,dataset_267,sales,partner,8/27/2024,31284,59.33,11/28/2025 8:26
268,dataset_268,hr,public,1/4/2024,25799,382.19,11/28/2025 8:26
269,dataset_269,sales,partner,1/13/2023,95554,382.27,11/28/2025 8:26
270,dataset_270,marketing,internal,11/19/2023,74629,291.81,11/28/2025 8:26
271,dataset_271,operations,internal,7/14/2024,39301,430.66,11/28/2025 8:26
272,dataset_272,security,public,3/19/2024,85178,382.05,11/28/2025 8:26
273,dataset_273,sales,external,4/26/2023,66849,449.2,11/28/2025 8:26
274,dataset_274,operations,public,10/24/2023,82231,272.01,11/28/2025 8:26
275,dataset_275,operations,public,2/15/2023,12524,460.03,11/28/2025 8:26
276,dataset_276,marketing,partner,6/29/2023,88519,33.02,11/28/2025 8:26
277,dataset_277,security,partner,2/10/2023,89094,41.63,11/28/2025 8:26
278,dataset_278,marketing,internal,9/21/2024,30942,349.63,11/28/2025 8:26
279,dataset_279,marketing,public,4/21/2023,43600,424.1,11/28/2025 8:26
280,dataset_280,marketing,partner,11/14/2023,18350,248.15,11/28/2025 8:26
281,dataset_281,hr,internal,8/21/2023,21025,33.67,11/28/2025 8:26
282,dataset_282,sales,external,1/23/2023,81567,304.51,11/28/2025 8:26
283,dataset_283,sales,external,11/21/2024,27493,368.27,11/28/2025 8:26
284,dataset_284,hr,external,7/27/2023,75500,69.78,11/28/2025 8:26
285,dataset_285,security,external,5/17/2023,31201,398.98,11/28/2025 8:26
286,dataset_286,security,internal,8/1/2024,34269,276.79,11/28/2025 8:26
287,dataset_287,marketing,internal,1/26/2023,48088,206.79,11/28/2025 8:26
288,dataset_288,hr,internal,4/18/2024,33414,15.75,11/28/2025 8:26
289,dataset_289,sales,external,2/21/2023,56233,470.87,11/28/2025 8:26
290,dataset_290,security,external,6/26/2024,13729,335.3,11/28/2025 8:26
291,dataset_291,operations,partner,3/30/2023,41082,28.01,11/28/2025 8:26
292,dataset_292,security,external,4/2/2023,76851,446.85,11/28/2025 8:26
293,dataset_293,sales,public,10/31/2024,77068,111.42,11/28/2025 8:26
294,dataset_294,sales,partner,12/22/2023,12527,343.26,11/28/2025 8:26
295,dataset_295,marketing,internal,2/17/2023,46709,26.79,11/28/2025 8:26
296,dataset_296,hr,public,7/15/2023,55880,422.22,11/28/2025 8:26
297,dataset_297,sales,partner,3/10/2024,78593,102.78,11/28/2025 8:26
298,dataset_298,marketing,internal,10/13/2023,83479,6.83,11/28/2025 8:26
299,dataset_299,marketing,partner,7/15/2024,48877,166.96,11/28/2025 8:26
300,dataset_300,hr,external,7/13/2024,69405,77.57,11/28/2025 8:26
301,dataset_301,security,partner,9/29/2024,27162,290.98,11/28/2025 8:26
302,dataset_302,hr,external,3/28/2024,11940,126.7,11/28/2025 8:26
303,dataset_303,marketing,partner,11/14/2024,95705,230.63,11/28/2025 8:26
304,dataset_304,hr,external,9/8/2024,68903,225.12,11/28/2025 8:26
305,dataset_305,sales,public,2/13/2024,51532,36.35,11/28/2025 8:26
306,dataset_306,security,internal,11/21/2023,81366,225.44,11/28/2025 8:26
307,dataset_307,hr,internal,11/10/2023,36609,118.54,11/28/2025 8:26
308,dataset_308,marketing,partner,11/30/2023,9701,131.42,11/28/2025 8:26
309,dataset_309,operations,partner,8/8/2023,14470,180.03,11/28/2025 8:26
310,dataset_310,marketing,internal,9/17/2024,72140,90.29,11/28/2025 8:26
311,dataset_311,hr,public,6/30/2024,81124,394.45,11/28/2025 8:26
312,dataset_312,security,public,9/14/2024,31524,6.11,11/28/2025 8:26
313,dataset_313,operations,internal,4/30/2024,87789,34.7,11/28/2025 8:26
314,dataset_314,security,public,2/9/2023,74409,385.2,11/28/2025 8:26
315,dataset_315,security,partner,5/29/2023,17065,488.06,11/28/2025 8:26
316,dataset_316,marketing,internal,3/9/2024,38077,129.55,11/28/2025 8:26
317,dataset_317,operations,public,8/4/2024,74132,443.17,11/28/2025 8:26
318,dataset_318,hr,public,10/21/2023,56321,378.86,11/28/2025 8:26
319,dataset_319,sales,partner,4/24/2023,24809,400.84,11/28/2025 8:26
320,dataset_320,marketing,internal,11/7/2023,84409,126.93,11/28/2025 8:26
321,dataset_321,sales,partner,4/5/2023,64423,490.31,11/28/2025 8:26
322,dataset_322,hr,partner,5/23/2024,10493,302.61,11/28/2025 8:26
323,dataset_323,security,partner,3/28/2024,65855,47.64,11/28/2025 8:26
324,dataset_324,operations,partner,8/9/2023,26217,42.43,11/28/2025 8:26
325,dataset_325,security,partner,2/17/2023,63624,308.04,11/28/2025 8:26
326,dataset_326,marketing,external,6/2/2023,6474,243.16,11/28/2025 8:26
327,dataset_327,sales,external,8/31/2023,65710,228.09,11/28/2025 8:26
328,dataset_328,security,public,3/1/2024,50124,382.89,11/28/2025 8:26
329,dataset_329,security,external,9/19/2024,45652,204.68,11/28/2025 8:26
330,dataset_330,hr,partner,5/24/2023,42808,466.48,11/28/2025 8:26
331,dataset_331,operations,partner,10/23/2023,21284,335.12,11/28/2025 8:26
332,dataset_332,marketing,external,2/24/2024,6118,306.64,11/28/2025 8:26
333,dataset_333,operations,public,4/23/2024,94787,383.44,11/28/2025 8:26
334,dataset_334,hr,external,1/22/2023,16433,135.48,11/28/2025 8:26
335,dataset_335,security,public,6/13/2024,80836,314.53,11/28/2025 8:26
336,dataset_336,marketing,internal,10/7/2024,8693,464.87,11/28/2025 8:26
337,dataset_337,marketing,public,3/17/2024,52231,132.92,11/28/2025 8:26
338,dataset_338,marketing,external,7/6/2023,24021,204.19,11/28/2025 8:26
339,dataset_339,operations,external,9/14/2023,88468,450.12,11/28/2025 8:26
340,dataset_340,security,internal,3/16/2023,83820,40.54,11/28/2025 8:26
341,dataset_341,sales,internal,8/1/2023,32083,370.16,11/28/2025 8:26
342,dataset_342,operations,internal,7/19/2024,94833,53.68,11/28/2025 8:26
343,dataset_343,operations,internal,3/14/2024,31641,9.38,11/28/2025 8:26
344,dataset_344,marketing,external,8/11/2024,91998,193.13,11/28/2025 8:26
345,dataset_345,marketing,partner,7/6/2024,68749,463.48,11/28/2025 8:26
346,dataset_346,operations,internal,4/27/2023,73502,299.74,11/28/2025 8:26
347,dataset_347,sales,partner,2/24/2024,45335,417.15,11/28/2025 8:26
348,dataset_348,marketing,public,3/23/2023,55518,390.99,11/28/2025 8:26
349,dataset_349,security,public,3/25/2024,49612,15.5,11/28/2025 8:26
350,dataset_350,marketing,partner,3/23/2023,18921,247.8,11/28/2025 8:26
351,dataset_351,hr,external,9/19/2023,89188,299.27,11/28/2025 8:26
352,dataset_352,marketing,public,9/4/2023,28600,135.55,11/28/2025 8:26
353,dataset_353,security,external,9/3/2024,5841,428.49,11/28/2025 8:26
354,dataset_354,operations,external,6/19/2023,47285,337.6,11/28/2025 8:26
355,dataset_355,security,partner,1/13/2024,47742,324.2,11/28/2025 8:26
356,dataset_356,sales,external,2/14/2023,76596,255.47,11/28/2025 8:26
357,dataset_357,marketing,internal,9/28/2024,85886,162.11,11/28/2025 8:26
358,dataset_358,security,internal,9/13/2023,63459,89.2,11/28/2025 8:26
359,dataset_359,operations,external,10/27/2023,26233,30.35,11/28/2025 8:26
360,dataset_360,marketing,internal,3/16/2023,15157,166.54,11/28/2025 8:26
361,dataset_361,operations,internal,5/18/2024,50021,254.52,11/28/2025 8:26
362,dataset_362,sales,external,12/7/2023,88499,382.19,11/28/2025 8:26
363,dataset_363,sales,internal,6/1/2023,48241,300.68,11/28/2025 8:26
364,dataset_364,sales,external,8/11/2024,40266,407.47,11/28/2025 8:26
365,dataset_365,marketing,partner,5/7/2024,61209,494.81,11/28/2025 8:26
366,dataset_366,security,internal,1/21/2023,18378,178.29,11/28/2025 8:26
367,dataset_367,security,external,11/10/2023,37528,487.76,11/28/2025 8:26
368,dataset_368,operations,partner,8/11/2023,9326,33.64,11/28/2025 8:26
369,dataset_369,operations,internal,5/30/2024,83213,34.92,11/28/2025 8:26
370,dataset_370,sales,public,2/16/2024,29509,171.13,11/28/2025 8:26
371,dataset_371,operations,public,9/27/2024,24657,429.97,11/28/2025 8:26
372,dataset_372,marketing,internal,10/30/2024,28889,429.65,11/28/2025 8:26
373,dataset_373,operations,public,8/13/2023,6392,403.45,11/28/2025 8:26
374,dataset_374,security,partner,5/10/2024,89889,436.44,11/28/2025 8:26
375,dataset_375,hr,partner,10/2/2024,77616,76.86,11/28/2025 8:26
376,dataset_376,hr,external,10/4/2023,6702,179.88,11/28/2025 8:26
377,dataset_377,security,public,6/10/2024,55538,260.14,11/28/2025 8:26
378,dataset_378,sales,external,4/28/2024,11410,91.99,11/28/2025 8:26
379,dataset_379,security,internal,6/18/2023,83797,141.85,11/28/2025 8:26
380,dataset_380,marketing,internal,3/31/2023,67986,163.12,11/28/2025 8:26
381,dataset_381,hr,partner,4/29/2024,59122,410.58,11/28/2025 8:26
382,dataset_382,marketing,external,11/6/2023,37784,281.51,11/28/2025 8:26
383,dataset_383,security,internal,4/3/2024,95723,147.35,11/28/2025 8:26
384,dataset_384,sales,external,8/7/2023,9369,490.67,11/28/2025 8:26
385,dataset_385,security,partner,5/4/2024,68646,89.7,11/28/2025 8:26
386,dataset_386,security,partner,3/27/2023,61301,240.04,11/28/2025 8:26
387,dataset_387,security,external,2/7/2023,55317,218.52,11/28/2025 8:26
388,dataset_388,hr,internal,11/1/2024,8983,25.1,11/28/2025 8:26
389,dataset_389,security,partner,10/27/2024,32790,179.88,11/28/2025 8:26
390,dataset_390,operations,internal,10/5/2024,47197,355.36,11/28/2025 8:26
391,dataset_391,security,internal,2/12/2023,12687,376.94,11/28/2025 8:26
392,dataset_392,hr,internal,2/24/2023,84194,303.89,11/28/2025 8:26
393,dataset_393,hr,partner,12/1/2023,69259,181.87,11/28/2025 8:26
394,dataset_394,hr,internal,6/15/2024,51699,284,11/28/2025 8:26
395,dataset_395,hr,partner,7/22/2024,18911,29.97,11/28/2025 8:26
396,dataset_396,security,partner,3/18/2024,96267,75.62,11/28/2025 8:26
397,dataset_397,sales,partner,4/21/2023,84012,95.56,11/28/2025 8:26
398,dataset_398,sales,external,1/14/2023,16146,46.99,11/28/2025 8:26
399,dataset_399,operations,internal,6/9/2023,30966,219.01,11/28/2025 8:26
400,dataset_400,operations,partner,7/27/2023,43719,21.74,11/28/2025 8:26
401,dataset_401,operations,public,11/24/2023,88540,384.38,11/28/2025 8:26
402,dataset_402,hr,internal,10/25/2023,26455,252.46,11/28/2025 8:26
403,dataset_403,operations,public,7/24/2023,89851,252.3,11/28/2025 8:26
404,dataset_404,operations,external,8/11/2024,38267,364.5,11/28/2025 8:26
405,dataset_405,security,public,8/5/2023,25547,348.49,11/28/2025 8:26
406,dataset_406,security,internal,8/12/2024,59640,43.55,11/28/2025 8:26
407,dataset_407,operations,internal,10/12/2023,92265,229.88,11/28/2025 8:26
408,dataset_408,security,public,12/18/2023,75551,160.59,11/28/2025 8:26
409,dataset_409,operations,public,8/30/2024,5004,367.33,11/28/2025 8:26
410,dataset_410,hr,external,9/24/2024,48024,356.88,11/28/2025 8:26
411,dataset_411,hr,external,4/6/2023,5457,466.24,11/28/2025 8:26
412,dataset_412,security,internal,7/14/2023,11165,365.36,11/28/2025 8:26
413,dataset_413,security,partner,4/27/2024,58079,122.53,11/28/2025 8:26
414,dataset_414,security,internal,3/1/2024,17354,496.43,11/28/2025 8:26
415,dataset_415,marketing,external,7/28/2024,70059,94.98,11/28/2025 8:26
416,dataset_416,security,partner,3/1/2024,54789,257.1,11/28/2025 8:26
417,dataset_417,operations,external,6/26/2023,12097,139.02,11/28/2025 8:26
418,dataset_418,marketing,external,9/16/2023,73154,223.25,11/28/2025 8:26
419,dataset_419,marketing,external,3/5/2023,37153,141,11/28/2025 8:26
420,dataset_420,operations,external,2/8/2023,29122,287.55,11/28/2025 8:26
421,dataset_421,operations,partner,12/14/2023,60570,476.51,11/28/2025 8:26
422,dataset_422,operations,internal,10/17/2023,73223,64.53,11/28/2025 8:26
423,dataset_423,marketing,internal,3/12/2024,65658,233.4,11/28/2025 8:26
424,dataset_424,sales,public,12/25/2023,68953,380.97,11/28/2025 8:26
425,dataset_425,sales,external,7/22/2024,28910,208,11/28/2025 8:26
426,dataset_426,hr,internal,6/1/2024,16468,121,11/28/2025 8:26
427,dataset_427,security,public,11/9/2024,32154,413.95,11/28/2025 8:26
428,dataset_428,sales,partner,5/19/2023,46888,228.49,11/28/2025 8:26
429,dataset_429,marketing,internal,2/10/2024,53378,411.55,11/28/2025 8:26
430,dataset_430,security,partner,6/29/2023,33004,195.01,11/28/2025 8:26
431,dataset_431,sales,partner,6/7/2024,16080,388.43,11/28/2025 8:26
432,dataset_432,security,public,2/15/2023,40404,129.64,11/28/2025 8:26
433,dataset_433,marketing,internal,10/2/2023,34707,320.58,11/28/2025 8:26
434,dataset_434,sales,partner,7/15/2023,91483,238.1,11/28/2025 8:26
435,dataset_435,hr,internal,8/8/2024,42912,23.61,11/28/2025 8:26
436,dataset_436,security,internal,11/24/2024,44913,420.22,11/28/2025 8:26
437,dataset_437,sales,external,5/23/2023,15098,482.74,11/28/2025 8:26
438,dataset_438,sales,public,7/31/2023,53656,184.32,11/28/2025 8:26
439,dataset_439,security,partner,5/17/2023,89112,48.75,11/28/2025 8:26
440,dataset_440,marketing,public,9/5/2023,49177,1.24,11/28/2025 8:26
441,dataset_441,sales,public,2/17/2023,17630,441.79,11/28/2025 8:26
442,dataset_442,sales,public,7/8/2023,1215,278.97,11/28/2025 8:26
443,dataset_443,operations,public,11/6/2024,19075,196.59,11/28/2025 8:26
444,dataset_444,operations,partner,2/17/2024,88371,110.56,11/28/2025 8:26
445,dataset_445,security,partner,3/15/2024,15176,319.09,11/28/2025 8:26
446,dataset_446,hr,internal,1/17/2024,81373,135.22,11/28/2025 8:26
447,dataset_447,hr,public,2/15/2023,72208,107.64,11/28/2025 8:26
448,dataset_448,security,partner,11/18/2024,27629,136.87,11/28/2025 8:26
449,dataset_449,hr,external,11/7/2023,40674,362.76,11/28/2025 8:26
450,dataset_450,marketing,partner,7/3/2023,98353,61.04,11/28/2025 8:26
451,dataset_451,operations,external,10/27/2023,72364,94.43,11/28/2025 8:26
452,dataset_452,marketing,partner,6/8/2024,15284,329.06,11/28/2025 8:26
453,dataset_453,sales,internal,12/19/2023,20868,49.25,11/28/2025 8:26
454,dataset_454,sales,external,6/13/2024,83740,453.42,11/28/2025 8:26
455,dataset_455,security,internal,6/26/2024,6856,376.38,11/28/2025 8:26
456,dataset_456,sales,public,8/21/2024,61127,422.3,11/28/2025 8:26
457,dataset_457,operations,external,3/9/2023,9018,146.67,11/28/2025 8:26
458,dataset_458,hr,partner,11/5/2023,78482,1.65,11/28/2025 8:26
459,dataset_459,marketing,internal,10/12/2023,3754,331.29,11/28/2025 8:26
460,dataset_460,operations,partner,9/26/2023,56496,400.03,11/28/2025 8:26
461,dataset_461,sales,public,5/8/2024,30632,292.85,11/28/2025 8:26
462,dataset_462,hr,partner,5/24/2023,63901,375.45,11/28/2025 8:26
463,dataset_463,marketing,internal,3/7/2023,15046,23.77,11/28/2025 8:26
464,dataset_464,marketing,external,2/6/2024,53992,24.52,11/28/2025 8:26
465,dataset_465,sales,external,3/17/2023,56304,156.56,11/28/2025 8:26
466,dataset_466,sales,internal,8/10/2024,73491,447.93,11/28/2025 8:26
467,dataset_467,marketing,external,7/20/2023,51846,111.27,11/28/2025 8:26
468,dataset_468,marketing,partner,11/2/2023,9561,483.38,11/28/2025 8:26
469,dataset_469,hr,public,11/27/2024,26702,453.88,11/28/2025 8:26
470,dataset_470,operations,external,3/19/2024,67526,300.13,11/28/2025 8:26
471,dataset_471,operations,public,11/5/2023,87233,418.08,11/28/2025 8:26
472,dataset_472,operations,internal,6/27/2024,88697,217.04,11/28/2025 8:26
473,dataset_473,operations,public,2/8/2023,65788,56.83,11/28/2025 8:26
474,dataset_474,security,partner,11/9/2024,3974,116.5,11/28/2025 8:26
475,dataset_475,operations,external,4/24/2024,6574,491.32,11/28/2025 8:26
476,dataset_476,sales,partner,4/6/2023,26678,472.41,11/28/2025 8:26
477,dataset_477,sales,internal,1/13/2023,22561,92.39,11/28/2025 8:26
478,dataset_478,security,partner,5/31/2024,77123,388.01,11/28/2025 8:26
479,dataset_479,operations,external,4/30/2024,89146,105.12,11/28/2025 8:26
480,dataset_480,hr,partner,5/12/2024,87455,418.94,11/28/2025 8:26
481,dataset_481,security,internal,7/22/2023,35528,299.01,11/28/2025 8:26
482,dataset_482,sales,partner,11/15/2024,18821,192.28,11/28/2025 8:26
483,dataset_483,marketing,public,6/18/2024,32634,314.23,11/28/2025 8:26
484,dataset_484,security,public,11/4/2024,8551,355.14,11/28/2025 8:26
485,dataset_485,security,public,12/24/2023,14078,23.53,11/28/2025 8:26
486,dataset_486,sales,external,6/12/2024,95749,17.29,11/28/2025 8:26
487,dataset_487,operations,external,3/7/2023,17044,339.4,11/28/2025 8:26
488,dataset_488,sales,internal,9/11/2023,18165,179.57,11/28/2025 8:26
489,dataset_489,marketing,public,9/25/2024,45997,206.09,11/28/2025 8:26
490,dataset_490,operations,partner,8/27/2024,19918,415.52,11/28/2025 8:26
491,dataset_491,hr,internal,2/19/2024,36630,270.95,11/28/2025 8:26
492,dataset_492,operations,internal,10/29/2023,29711,100.41,11/28/2025 8:26
493,dataset_493,security,external,6/21/2023,66615,338.72,11/28/2025 8:26
494,dataset_494,sales,external,9/8/2023,2113,75.13,11/28/2025 8:26
495,dataset_495,sales,partner,12/16/2023,52965,378.03,11/28/2025 8:26
496,dataset_496,marketing,external,10/17/2024,61245,105.84,11/28/2025 8:26
497,dataset_497,hr,public,9/5/2024,11336,180.68,11/28/2025 8:26
498,dataset_498,sales,partner,12/4/2023,98586,253.29,11/28/2025 8:26
499,dataset_499,marketing,external,1/29/2023,69358,302.9,11/28/2025 8:26
500,dataset_500,operations,public,7/20/2024,87405,460.91,11/28/2025 8:26
501,dataset_501,hr,partner,10/14/2023,88749,39.83,11/28/2025 8:26
502,dataset_502,hr,public,8/10/2024,97673,438.5,11/28/2025 8:26
503,dataset_503,sales,external,5/8/2024,7469,219.38,11/28/2025 8:26
504,dataset_504,operations,internal,7/14/2023,37372,98.5,11/28/2025 8:26
505,dataset_505,security,partner,4/25/2023,1864,327.87,11/28/2025 8:26
506,dataset_506,security,internal,5/12/2023,51953,377.93,11/28/2025 8:26
507,dataset_507,security,partner,8/22/2023,79107,21.94,11/28/2025 8:26
508,dataset_508,sales,internal,5/17/2023,52011,409.5,11/28/2025 8:26
509,dataset_509,sales,public,2/10/2023,23828,300.45,11/28/2025 8:26
510,dataset_510,hr,external,7/22/2023,58440,95.3,11/28/2025 8:26
511,dataset_511,hr,external,3/15/2024,12492,205.78,11/28/2025 8:26
512,dataset_512,hr,partner,8/11/2024,12310,198.69,11/28/2025 8:26
513,dataset_513,sales,external,6/8/2023,55753,51.45,11/28/2025 8:26
514,dataset_514,security,internal,2/9/2023,81799,426.94,11/28/2025 8:26
515,dataset_515,sales,internal,10/12/2024,4229,308.27,11/28/2025 8:26
516,dataset_516,security,external,10/5/2024,80099,445.21,11/28/2025 8:26
517,dataset_517,marketing,external,9/29/2024,86309,28.13,11/28/2025 8:26
518,dataset_518,security,partner,10/6/2024,16421,49.81,11/28/2025 8:26
519,dataset_519,security,partner,9/23/2024,74971,96.05,11/28/2025 8:26
520,dataset_520,hr,internal,6/12/2023,51964,178.49,11/28/2025 8:26
521,dataset_521,sales,internal,1/15/2024,75965,52.83,11/28/2025 8:26
522,dataset_522,marketing,internal,1/19/2024,18863,225,11/28/2025 8:26
523,dataset_523,hr,public,8/30/2024,46327,261.2,11/28/2025 8:26
524,dataset_524,operations,partner,2/4/2023,72573,17.84,11/28/2025 8:26
525,dataset_525,marketing,internal,7/10/2023,9056,368.43,11/28/2025 8:26
526,dataset_526,operations,external,10/22/2024,17656,192.79,11/28/2025 8:26
527,dataset_527,hr,internal,2/7/2024,14664,29.58,11/28/2025 8:26
528,dataset_528,sales,public,1/27/2023,80184,468.7,11/28/2025 8:26
529,dataset_529,hr,partner,2/12/2024,50180,163.45,11/28/2025 8:26
530,dataset_530,hr,public,6/12/2023,11699,44.3,11/28/2025 8:26
531,dataset_531,operations,partner,4/14/2024,69043,226.62,11/28/2025 8:26
532,dataset_532,security,partner,2/12/2024,28847,103.72,11/28/2025 8:26
533,dataset_533,operations,public,7/4/2023,13063,280.25,11/28/2025 8:26
534,dataset_534,operations,public,12/20/2023,4329,67.17,11/28/2025 8:26
535,dataset_535,sales,public,3/2/2023,93370,45.29,11/28/2025 8:26
536,dataset_536,security,internal,10/21/2023,59160,102.37,11/28/2025 8:26
537,dataset_537,operations,public,8/6/2023,56138,277.57,11/28/2025 8:26
538,dataset_538,security,partner,9/6/2023,41518,361.89,11/28/2025 8:26
539,dataset_539,sales,external,3/17/2023,27442,377.94,11/28/2025 8:26
540,dataset_540,operations,partner,1/6/2024,25885,249.14,11/28/2025 8:26
541,dataset_541,operations,public,10/25/2024,99085,122.48,11/28/2025 8:26
542,dataset_542,sales,public,10/10/2023,36721,319.61,11/28/2025 8:26
543,dataset_543,operations,internal,8/4/2023,4978,387.7,11/28/2025 8:26
544,dataset_544,hr,partner,9/16/2023,13026,344.96,11/28/2025 8:26
545,dataset_545,security,public,3/21/2024,35855,283.19,11/28/2025 8:26
546,dataset_546,marketing,external,6/4/2023,48984,336.84,11/28/2025 8:26
547,dataset_547,security,internal,4/25/2024,55425,284.28,11/28/2025 8:26
548,dataset_548,sales,public,5/16/2024,98975,373.34,11/28/2025 8:26
549,dataset_549,marketing,internal,12/22/2023,39882,35.97,11/28/2025 8:26
550,dataset_550,sales,partner,2/28/2024,84672,231.22,11/28/2025 8:26
551,dataset_551,operations,internal,5/19/2024,82813,276.32,11/28/2025 8:26
552,dataset_552,sales,public,4/13/2023,96831,499.06,11/28/2025 8:26
553,dataset_553,security,external,2/10/2024,69051,318.38,11/28/2025 8:26
554,dataset_554,hr,partner,9/6/2023,26180,390.4,11/28/2025 8:26
555,dataset_555,hr,external,1/13/2024,54598,359.62,11/28/2025 8:26
556,dataset_556,sales,public,8/24/2024,4308,494.06,11/28/2025 8:26
557,dataset_557,operations,internal,9/13/2023,58346,372.96,11/28/2025 8:26
558,dataset_558,operations,partner,7/2/2023,66960,26.89,11/28/2025 8:26
559,dataset_559,security,internal,1/18/2024,71764,58.7,11/28/2025 8:26
560,dataset_560,hr,internal,11/9/2024,49610,262.88,11/28/2025 8:26
561,dataset_561,operations,external,2/4/2023,12286,442.52,11/28/2025 8:26
562,dataset_562,sales,internal,8/19/2024,44171,454.49,11/28/2025 8:26
563,dataset_563,operations,internal,6/10/2024,34472,408.32,11/28/2025 8:26
564,dataset_564,marketing,external,1/31/2024,43087,59.54,11/28/2025 8:26
565,dataset_565,sales,external,5/6/2024,55054,243.64,11/28/2025 8:26
566,dataset_566,security,public,3/26/2023,85823,364.93,11/28/2025 8:26
567,dataset_567,marketing,external,5/8/2024,4335,265.33,11/28/2025 8:26
568,dataset_568,marketing,internal,5/25/2023,76128,181.91,11/28/2025 8:26
569,dataset_569,security,partner,6/1/2023,15244,306.54,11/28/2025 8:26
570,dataset_570,operations,partner,12/18/2023,21546,428.77,11/28/2025 8:26
571,dataset_571,hr,partner,7/29/2024,35365,218.43,11/28/2025 8:26
572,dataset_572,hr,external,10/29/2023,47413,412,11/28/2025 8:26
573,dataset_573,sales,public,8/2/2024,56576,298.55,11/28/2025 8:26
574,dataset_574,hr,external,10/23/2024,5461,289.72,11/28/2025 8:26
575,dataset_575,security,public,7/24/2023,33953,261.39,11/28/2025 8:26
576,dataset_576,operations,partner,4/22/2023,67803,216.19,11/28/2025 8:26
577,dataset_577,security,internal,3/14/2023,51891,318.94,11/28/2025 8:26
578,dataset_578,marketing,external,9/15/2024,29117,458.39,11/28/2025 8:26
579,dataset_579,operations,internal,8/5/2024,11096,181.39,11/28/2025 8:26
580,dataset_580,operations,external,3/5/2024,53033,140,11/28/2025 8:26
581,dataset_581,marketing,public,1/30/2023,77771,241.47,11/28/2025 8:26
582,dataset_582,hr,external,5/21/2024,75944,21.69,11/28/2025 8:26
583,dataset_583,operations,public,2/19/2023,21684,164.77,11/28/2025 8:26
584,dataset_584,marketing,public,7/20/2023,64766,207.93,11/28/2025 8:26
585,dataset_585,marketing,internal,6/25/2024,80294,396.2,11/28/2025 8:26
586,dataset_586,security,internal,5/8/2024,82652,362.59,11/28/2025 8:26
587,dataset_587,sales,public,9/28/2024,86711,329.19,11/28/2025 8:26
588,dataset_588,sales,public,8/8/2023,60100,283.86,11/28/2025 8:26
589,dataset_589,marketing,internal,10/24/2023,61304,194.51,11/28/2025 8:26
590,dataset_590,security,public,12/6/2023,85600,131.03,11/28/2025 8:26
591,dataset_591,security,external,3/15/2023,78104,112.63,11/28/2025 8:26
592,dataset_592,marketing,partner,8/4/2024,97934,384.01,11/28/2025 8:26
593,dataset_593,sales,internal,1/6/2023,70279,244.25,11/28/2025 8:26
594,dataset_594,marketing,internal,10/8/2024,31295,95.44,11/28/2025 8:26
595,dataset_595,security,partner,2/8/2023,47412,157.97,11/28/2025 8:26
596,dataset_596,hr,partner,1/12/2024,53879,54.64,11/28/2025 8:26
597,dataset_597,security,public,10/11/2024,22568,239.79,11/28/2025 8:26
598,dataset_598,marketing,partner,10/20/2024,45256,11.9,11/28/2025 8:26
599,dataset_599,hr,partner,7/17/2024,58313,179,11/28/2025 8:26
600,dataset_600,sales,internal,3/11/2023,77195,102.03,11/28/2025 8:26
601,dataset_601,security,public,4/9/2023,80299,422.26,11/28/2025 8:26
602,dataset_602,sales,public,11/7/2024,72069,301.42,11/28/2025 8:26
603,dataset_603,sales,public,10/1/2024,1518,277.48,11/28/2025 8:26
604,dataset_604,sales,partner,1/19/2023,23250,193.84,11/28/2025 8:26
605,dataset_605,sales,internal,10/6/2024,45062,216.53,11/28/2025 8:26
606,dataset_606,hr,public,6/23/2023,59199,130.99,11/28/2025 8:26
607,dataset_607,marketing,external,12/12/2023,57060,168.48,11/28/2025 8:26
608,dataset_608,sales,internal,8/4/2024,78947,75.82,11/28/2025 8:26
609,dataset_609,sales,partner,8/12/2024,31302,23.63,11/28/2025 8:26
610,dataset_610,hr,external,8/22/2024,98184,498.09,11/28/2025 8:26
611,dataset_611,hr,partner,8/5/2024,71261,368.99,11/28/2025 8:26
612,dataset_612,security,partner,3/12/2024,94476,239.38,11/28/2025 8:26
613,dataset_613,hr,public,5/28/2024,51202,276.65,11/28/2025 8:26
614,dataset_614,hr,partner,4/20/2023,48469,310.87,11/28/2025 8:26
615,dataset_615,hr,public,10/19/2024,77756,211.54,11/28/2025 8:26
616,dataset_616,marketing,external,2/24/2024,31213,327.94,11/28/2025 8:26
617,dataset_617,operations,internal,9/2/2024,70632,260.03,11/28/2025 8:26
618,dataset_618,sales,internal,9/4/2023,27871,409.7,11/28/2025 8:26
619,dataset_619,operations,partner,4/1/2024,2817,192.18,11/28/2025 8:26
620,dataset_620,sales,public,3/28/2023,26840,470.6,11/28/2025 8:26
621,dataset_621,marketing,internal,1/14/2023,839,46.85,11/28/2025 8:26
622,dataset_622,marketing,internal,9/17/2024,44085,329.75,11/28/2025 8:26
623,dataset_623,operations,internal,5/18/2023,11967,58.75,11/28/2025 8:26
624,dataset_624,operations,internal,7/9/2023,70453,354.4,11/28/2025 8:26
625,dataset_625,marketing,internal,11/25/2023,11425,499.87,11/28/2025 8:26
626,dataset_626,operations,public,9/9/2023,57859,10.1,11/28/2025 8:26
627,dataset_627,sales,internal,8/19/2023,5217,355.49,11/28/2025 8:26
628,dataset_628,hr,partner,11/22/2023,352,76.86,11/28/2025 8:26
629,dataset_629,security,internal,8/25/2024,3017,61.31,11/28/2025 8:26
630,dataset_630,security,internal,2/23/2023,79561,105.51,11/28/2025 8:26
631,dataset_631,hr,external,7/11/2023,85222,397.57,11/28/2025 8:26
632,dataset_632,hr,internal,12/8/2023,87409,164.97,11/28/2025 8:26
633,dataset_633,hr,public,5/12/2023,15423,241.51,11/28/2025 8:26
634,dataset_634,sales,partner,6/13/2024,96198,369.08,11/28/2025 8:26
635,dataset_635,security,external,2/17/2024,63635,186.68,11/28/2025 8:26
636,dataset_636,operations,external,3/14/2024,49386,369.35,11/28/2025 8:26
637,dataset_637,hr,partner,8/7/2023,62625,424.76,11/28/2025 8:26
638,dataset_638,sales,external,9/6/2023,38225,407.59,11/28/2025 8:26
639,dataset_639,marketing,public,4/1/2024,54822,36.41,11/28/2025 8:26
640,dataset_640,operations,external,3/30/2024,53256,211.59,11/28/2025 8:26
641,dataset_641,security,public,10/27/2024,87388,357.02,11/28/2025 8:26
642,dataset_642,marketing,partner,9/16/2023,39431,251.55,11/28/2025 8:26
643,dataset_643,hr,internal,6/7/2024,48831,116.47,11/28/2025 8:26
644,dataset_644,hr,public,3/7/2023,78266,400.94,11/28/2025 8:26
645,dataset_645,hr,partner,9/18/2023,62552,118.51,11/28/2025 8:26
646,dataset_646,security,internal,10/24/2024,16820,268.44,11/28/2025 8:26
647,dataset_647,marketing,external,7/20/2024,84642,215.09,11/28/2025 8:26
648,dataset_648,security,external,8/9/2024,16342,108.94,11/28/2025 8:26
649,dataset_649,marketing,internal,8/26/2023,31119,482.81,11/28/2025 8:26
650,dataset_650,marketing,external,1/2/2023,40699,486.09,11/28/2025 8:26
651,dataset_651,sales,partner,5/11/2024,93630,44.87,11/28/2025 8:26
652,dataset_652,security,internal,5/23/2024,23140,480.89,11/28/2025 8:26
653,dataset_653,operations,public,3/13/2024,42044,486.74,11/28/2025 8:26
654,dataset_654,hr,public,6/29/2023,65537,100.65,11/28/2025 8:26
655,dataset_655,operations,partner,11/12/2023,29264,429.09,11/28/2025 8:26
656,dataset_656,security,public,9/28/2024,91609,169.79,11/28/2025 8:26
657,dataset_657,hr,public,4/3/2023,38722,253.42,11/28/2025 8:26
658,dataset_658,marketing,public,4/12/2024,29532,198.87,11/28/2025 8:26
659,dataset_659,security,external,2/16/2023,22248,206.02,11/28/2025 8:26
660,dataset_660,security,public,4/10/2023,95376,227.14,11/28/2025 8:26
661,dataset_661,marketing,internal,11/8/2024,55875,190.71,11/28/2025 8:26
662,dataset_662,operations,partner,3/7/2024,58313,107.28,11/28/2025 8:26
663,dataset_663,security,internal,10/8/2023,82715,306.77,11/28/2025 8:26
664,dataset_664,sales,external,5/2/2024,69028,359.55,11/28/2025 8:26
665,dataset_665,hr,partner,1/8/2023,34984,377.63,11/28/2025 8:26
666,dataset_666,sales,public,9/24/2023,64204,64.8,11/28/2025 8:26
667,dataset_667,operations,external,2/1/2023,52968,471.27,11/28/2025 8:26
668,dataset_668,sales,public,3/15/2024,72940,296.38,11/28/2025 8:26
669,dataset_669,security,external,8/18/2024,39928,357.68,11/28/2025 8:26
670,dataset_670,sales,public,6/27/2024,40499,448.65,11/28/2025 8:26
671,dataset_671,sales,external,5/10/2024,39013,358.93,11/28/2025 8:26
672,dataset_672,hr,partner,9/1/2023,17395,21.49,11/28/2025 8:26
673,dataset_673,operations,public,4/8/2024,34494,405.12,11/28/2025 8:26
674,dataset_674,security,partner,10/3/2024,65727,128.18,11/28/2025 8:26
675,dataset_675,security,internal,5/24/2023,64931,118.39,11/28/2025 8:26
676,dataset_676,security,partner,4/21/2024,72192,388.76,11/28/2025 8:26
677,dataset_677,marketing,public,9/9/2023,79745,114.68,11/28/2025 8:26
678,dataset_678,security,internal,1/21/2023,27843,166.34,11/28/2025 8:26
679,dataset_679,hr,external,10/20/2023,99809,458.99,11/28/2025 8:26
680,dataset_680,security,partner,7/14/2023,66353,383.25,11/28/2025 8:26
681,dataset_681,marketing,partner,10/3/2023,9321,474.27,11/28/2025 8:26
682,dataset_682,operations,external,11/11/2023,49472,146.92,11/28/2025 8:26
683,dataset_683,sales,partner,8/19/2024,45401,344.3,11/28/2025 8:26
684,dataset_684,security,external,1/17/2023,51830,231.1,11/28/2025 8:26
685,dataset_685,marketing,partner,5/25/2024,39315,200.58,11/28/2025 8:26
686,dataset_686,hr,partner,1/31/2023,97658,205.31,11/28/2025 8:26
687,dataset_687,marketing,external,6/15/2024,11338,389.84,11/28/2025 8:26
688,dataset_688,hr,internal,3/21/2023,30597,456.32,11/28/2025 8:26
689,dataset_689,sales,public,10/16/2024,55478,333.17,11/28/2025 8:26
690,dataset_690,security,internal,2/8/2023,14719,1.85,11/28/2025 8:26
691,dataset_691,sales,external,10/10/2024,56978,27.23,11/28/2025 8:26
692,dataset_692,hr,public,5/4/2023,84762,210.24,11/28/2025 8:26
693,dataset_693,sales,internal,10/31/2024,15474,269,11/28/2025 8:26
694,dataset_694,hr,internal,3/3/2024,84843,306.89,11/28/2025 8:26
695,dataset_695,sales,external,4/19/2023,90630,178.77,11/28/2025 8:26
696,dataset_696,marketing,public,10/3/2023,40962,398.61,11/28/2025 8:26
697,dataset_697,sales,public,1/30/2023,3932,143.54,11/28/2025 8:26
698,dataset_698,security,partner,10/6/2023,73275,100.83,11/28/2025 8:26
699,dataset_699,operations,external,11/30/2024,9679,5.76,11/28/2025 8:26
700,dataset_700,operations,partner,11/17/2023,83912,71.76,11/28/2025 8:26
701,dataset_701,security,partner,1/2/2024,47520,398.3,11/28/2025 8:26
702,dataset_702,sales,external,7/28/2024,80886,323.24,11/28/2025 8:26
703,dataset_703,marketing,internal,10/14/2024,68177,248.35,11/28/2025 8:26
704,dataset_704,marketing,public,11/14/2024,29910,352.87,11/28/2025 8:26
705,dataset_705,marketing,partner,3/12/2024,74175,365.13,11/28/2025 8:26
706,dataset_706,marketing,public,3/22/2023,70200,173.87,11/28/2025 8:26
707,dataset_707,hr,public,10/7/2024,7049,265.79,11/28/2025 8:26
708,dataset_708,hr,partner,2/5/2023,10613,321.93,11/28/2025 8:26
709,dataset_709,sales,public,1/25/2023,34145,387.26,11/28/2025 8:26
710,dataset_710,operations,internal,6/22/2024,83376,1.7,11/28/2025 8:26
711,dataset_711,security,internal,11/14/2024,79552,229.13,11/28/2025 8:26
712,dataset_712,operations,internal,9/1/2023,99779,92.12,11/28/2025 8:26
713,dataset_713,hr,external,5/28/2024,55132,60.12,11/28/2025 8:26
714,dataset_714,sales,internal,8/25/2023,84821,102.04,11/28/2025 8:26
715,dataset_715,hr,internal,9/7/2023,67824,303.38,11/28/2025 8:26
716,dataset_716,marketing,external,8/16/2024,82333,56.66,11/28/2025 8:26
717,dataset_717,marketing,public,6/14/2023,62819,476.16,11/28/2025 8:26
718,dataset_718,marketing,internal,9/11/2024,37550,411.58,11/28/2025 8:26
719,dataset_719,security,partner,9/22/2024,58173,29.21,11/28/2025 8:26
720,dataset_720,marketing,external,10/24/2023,62932,94.57,11/28/2025 8:26
721,dataset_721,hr,internal,5/7/2023,51858,65.11,11/28/2025 8:26
722,dataset_722,marketing,partner,5/4/2023,89266,173.47,11/28/2025 8:26
723,dataset_723,security,external,9/20/2024,65138,423.98,11/28/2025 8:26
724,dataset_724,operations,public,4/30/2024,40137,336.94,11/28/2025 8:26
725,dataset_725,hr,partner,11/22/2024,65252,62.65,11/28/2025 8:26
726,dataset_726,sales,external,7/7/2023,73194,261.7,11/28/2025 8:26
727,dataset_727,marketing,public,11/23/2024,3593,186.85,11/28/2025 8:26
728,dataset_728,sales,external,10/20/2024,85853,35.36,11/28/2025 8:26
729,dataset_729,marketing,external,5/30/2024,75192,350.3,11/28/2025 8:26
730,dataset_730,marketing,external,11/19/2024,38108,480.67,11/28/2025 8:26
731,dataset_731,marketing,public,1/21/2024,49137,40.65,11/28/2025 8:26
732,dataset_732,hr,partner,1/23/2023,54590,183.77,11/28/2025 8:26
733,dataset_733,hr,public,11/5/2023,75862,299.33,11/28/2025 8:26
734,dataset_734,security,public,10/29/2023,36165,302.01,11/28/2025 8:26
735,dataset_735,hr,public,10/31/2023,90585,468.71,11/28/2025 8:26
736,dataset_736,operations,internal,9/22/2024,32410,379.13,11/28/2025 8:26
737,dataset_737,sales,public,7/26/2024,88150,167.54,11/28/2025 8:26
738,dataset_738,security,public,11/30/2024,21242,212.41,11/28/2025 8:26
739,dataset_739,hr,partner,1/12/2024,40730,8.77,11/28/2025 8:26
740,dataset_740,security,public,4/12/2023,72746,404.36,11/28/2025 8:26
741,dataset_741,marketing,external,4/23/2024,90071,29.15,11/28/2025 8:26
742,dataset_742,sales,partner,3/28/2023,33113,170.19,11/28/2025 8:26
743,dataset_743,operations,internal,6/26/2023,86502,307.07,11/28/2025 8:26
744,dataset_744,hr,public,2/9/2024,64161,241.27,11/28/2025 8:26
745,dataset_745,marketing,external,2/28/2024,68847,448.02,11/28/2025 8:26
746,dataset_746,marketing,partner,5/16/2023,72594,183.02,11/28/2025 8:26
747,dataset_747,marketing,external,3/17/2024,82812,71.7,11/28/2025 8:26
748,dataset_748,marketing,external,6/18/2024,3121,385.92,11/28/2025 8:26
749,dataset_749,security,external,3/9/2024,28639,400.44,11/28/2025 8:26
750,dataset_750,hr,partner,10/4/2024,8956,121.55,11/28/2025 8:26
751,dataset_751,hr,public,3/2/2023,87775,431.96,11/28/2025 8:26
752,dataset_752,hr,partner,2/3/2024,77189,286,11/28/2025 8:26
753,dataset_753,operations,external,9/1/2023,90687,81.91,11/28/2025 8:26
754,dataset_754,security,external,11/14/2024,6109,147.84,11/28/2025 8:26
755,dataset_755,marketing,partner,4/21/2024,72820,93.2,11/28/2025 8:26
756,dataset_756,security,external,8/13/2024,30439,480.6,11/28/2025 8:26
757,dataset_757,marketing,internal,4/1/2023,81596,24.29,11/28/2025 8:26
758,dataset_758,security,internal,10/21/2023,49955,307.53,11/28/2025 8:26
759,dataset_759,security,internal,7/5/2024,9472,348.24,11/28/2025 8:26
760,dataset_760,sales,partner,5/23/2024,48320,239.87,11/28/2025 8:26
761,dataset_761,marketing,partner,9/18/2023,72092,87.6,11/28/2025 8:26
762,dataset_762,sales,partner,11/29/2024,34867,6.24,11/28/2025 8:26
763,dataset_763,sales,external,6/5/2024,76791,255.89,11/28/2025 8:26
764,dataset_764,operations,internal,6/5/2024,30655,485.73,11/28/2025 8:26
765,dataset_765,hr,external,4/22/2024,70412,28.1,11/28/2025 8:26
766,dataset_766,sales,partner,9/8/2024,39303,418.5,11/28/2025 8:26
767,dataset_767,hr,public,9/5/2024,44611,53.77,11/28/2025 8:26
768,dataset_768,operations,public,5/22/2023,30505,443.59,11/28/2025 8:26
769,dataset_769,operations,internal,10/30/2024,77586,11.09,11/28/2025 8:26
770,dataset_770,operations,external,4/19/2024,26893,252.12,11/28/2025 8:26
771,dataset_771,operations,partner,12/24/2023,87817,84.03,11/28/2025 8:26
772,dataset_772,security,public,2/22/2024,68164,130.14,11/28/2025 8:26
773,dataset_773,hr,partner,1/8/2023,29204,380.47,11/28/2025 8:26
774,dataset_774,hr,internal,1/15/2024,17152,46.98,11/28/2025 8:26
775,dataset_775,hr,partner,10/22/2023,59969,106.93,11/28/2025 8:26
776,dataset_776,sales,external,2/6/2023,30545,161.69,11/28/2025 8:26
777,dataset_777,sales,partner,6/29/2024,58992,454.35,11/28/2025 8:26
778,dataset_778,sales,public,9/15/2024,84025,445.13,11/28/2025 8:26
779,dataset_779,hr,external,2/28/2023,48251,250.88,11/28/2025 8:26
780,dataset_780,sales,external,1/14/2023,89491,489.2,11/28/2025 8:26
781,dataset_781,operations,partner,8/14/2023,92348,157.26,11/28/2025 8:26
782,dataset_782,operations,internal,5/21/2023,22852,397.3,11/28/2025 8:26
783,dataset_783,marketing,external,5/24/2023,63594,120.27,11/28/2025 8:26
784,dataset_784,security,internal,9/8/2024,75518,14.46,11/28/2025 8:26
785,dataset_785,sales,external,3/20/2024,68312,62.27,11/28/2025 8:26
786,dataset_786,marketing,partner,6/8/2023,11646,235.55,11/28/2025 8:26
787,dataset_787,security,internal,9/30/2023,26118,294.29,11/28/2025 8:26
788,dataset_788,sales,external,6/25/2023,46988,445.36,11/28/2025 8:26
789,dataset_789,operations,external,9/11/2023,74533,388.24,11/28/2025 8:26
790,dataset_790,operations,partner,7/17/2023,47866,152.66,11/28/2025 8:26
791,dataset_791,operations,internal,9/15/2024,95483,50.56,11/28/2025 8:26
792,dataset_792,sales,external,2/4/2023,90558,465.24,11/28/2025 8:26
793,dataset_793,security,partner,3/15/2024,97403,46.78,11/28/2025 8:26
794,dataset_794,sales,public,3/8/2023,50745,238.87,11/28/2025 8:26
795,dataset_795,hr,external,11/21/2023,93636,95.44,11/28/2025 8:26
796,dataset_796,hr,public,7/29/2024,62885,241.5,11/28/2025 8:26
797,dataset_797,marketing,public,5/11/2023,95551,18.94,11/28/2025 8:26
798,dataset_798,sales,partner,10/2/2023,34355,133.48,11/28/2025 8:26
799,dataset_799,sales,public,4/29/2023,99824,141.32,11/28/2025 8:26
800,dataset_800,operations,internal,3/14/2024,50503,295.57,11/28/2025 8:26
801,dataset_801,hr,partner,9/16/2023,12814,423.06,11/28/2025 8:26
802,dataset_802,security,partner,4/10/2024,60527,163.64,11/28/2025 8:26
803,dataset_803,hr,external,10/27/2023,72898,149.36,11/28/2025 8:26
804,dataset_804,hr,internal,2/19/2023,77164,24.25,11/28/2025 8:26
805,dataset_805,sales,internal,9/2/2023,5862,483.24,11/28/2025 8:26
806,dataset_806,marketing,internal,2/21/2024,53650,431.72,11/28/2025 8:26
807,dataset_807,security,external,6/18/2024,68992,38.62,11/28/2025 8:26
808,dataset_808,marketing,internal,5/22/2023,42965,386.83,11/28/2025 8:26
809,dataset_809,security,partner,1/22/2023,68680,55.26,11/28/2025 8:26
810,dataset_810,security,partner,10/17/2024,22655,341.72,11/28/2025 8:26
811,dataset_811,security,internal,2/22/2024,53180,385.86,11/28/2025 8:26
812,dataset_812,marketing,external,11/19/2024,12676,469.72,11/28/2025 8:26
813,dataset_813,hr,internal,12/31/2023,84501,299.81,11/28/2025 8:26
814,dataset_814,operations,partner,1/18/2023,95971,182.69,11/28/2025 8:26
815,dataset_815,security,internal,8/26/2024,6754,297.93,11/28/2025 8:26
816,dataset_816,hr,internal,4/28/2023,47573,80.82,11/28/2025 8:26
817,dataset_817,hr,partner,12/24/2023,12734,285.75,11/28/2025 8:26
818,dataset_818,operations,partner,9/29/2023,69806,17.01,11/28/2025 8:26
819,dataset_819,operations,public,3/28/2024,59754,462.13,11/28/2025 8:26
820,dataset_820,security,external,10/9/2024,40472,217.04,11/28/2025 8:26
821,dataset_821,hr,internal,3/2/2024,79489,413.99,11/28/2025 8:26
822,dataset_822,marketing,external,6/25/2023,37710,82.03,11/28/2025 8:26
823,dataset_823,hr,internal,7/22/2024,51429,145.44,11/28/2025 8:26
824,dataset_824,security,public,3/23/2024,61468,84.96,11/28/2025 8:26
825,dataset_825,security,internal,6/13/2023,78206,258.73,11/28/2025 8:26
826,dataset_826,security,public,11/11/2024,15650,14.31,11/28/2025 8:26
827,dataset_827,hr,external,2/8/2023,91882,390.67,11/28/2025 8:26
828,dataset_828,hr,external,5/6/2023,73998,185.71,11/28/2025 8:26
829,dataset_829,sales,external,2/8/2023,75539,158.77,11/28/2025 8:26
830,dataset_830,security,public,3/2/2023,41397,111.42,11/28/2025 8:26
831,dataset_831,hr,partner,4/25/2024,34145,171.16,11/28/2025 8:26
832,dataset_832,marketing,public,7/10/2023,9204,55.94,11/28/2025 8:26
833,dataset_833,security,partner,11/8/2023,17750,118.83,11/28/2025 8:26
834,dataset_834,operations,partner,6/30/2024,63943,278.19,11/28/2025 8:26
835,dataset_835,marketing,public,6/4/2024,47645,346.05,11/28/2025 8:26
836,dataset_836,sales,external,7/6/2023,98500,320.33,11/28/2025 8:26
837,dataset_837,sales,partner,2/24/2023,43534,289.66,11/28/2025 8:26
838,dataset_838,hr,partner,6/25/2023,50866,108.46,11/28/2025 8:26
839,dataset_839,sales,internal,8/19/2023,9172,345.81,11/28/2025 8:26
840,dataset_840,hr,external,10/21/2023,2226,194.03,11/28/2025 8:26
841,dataset_841,operations,external,2/15/2023,81843,28.3,11/28/2025 8:26
842,dataset_842,hr,public,1/2/2024,86795,277.5,11/28/2025 8:26
843,dataset_843,security,public,3/17/2023,79821,67.77,11/28/2025 8:26
844,dataset_844,operations,partner,4/17/2024,95359,162.62,11/28/2025 8:26
845,dataset_845,marketing,internal,10/13/2024,55976,408.26,11/28/2025 8:26
846,dataset_846,security,internal,2/7/2024,76931,191.12,11/28/2025 8:26
847,dataset_847,hr,external,3/22/2024,58566,329.79,11/28/2025 8:26
848,dataset_848,operations,internal,1/23/2024,49225,20.31,11/28/2025 8:26
849,dataset_849,security,partner,2/2/2023,13267,298.65,11/28/2025 8:26
850,dataset_850,hr,public,5/4/2023,90341,435.21,11/28/2025 8:26
851,dataset_851,sales,internal,3/28/2023,24102,185.48,11/28/2025 8:26
852,dataset_852,sales,public,11/7/2023,46262,458.93,11/28/2025 8:26
853,dataset_853,marketing,external,3/24/2024,37545,98.3,11/28/2025 8:26
854,dataset_854,hr,public,10/1/2024,40147,466.84,11/28/2025 8:26
855,dataset_855,sales,partner,8/28/2024,60476,324.21,11/28/2025 8:26
856,dataset_856,operations,internal,10/13/2023,60003,273.02,11/28/2025 8:26
857,dataset_857,sales,external,1/12/2024,5317,386.34,11/28/2025 8:26
858,dataset_858,sales,external,1/16/2024,25431,453.59,11/28/2025 8:26
859,dataset_859,sales,external,2/21/2023,83383,417.18,11/28/2025 8:26
860,dataset_860,operations,public,9/1/2023,20370,293.71,11/28/2025 8:26
861,dataset_861,marketing,public,10/23/2023,47421,129.72,11/28/2025 8:26
862,dataset_862,operations,external,7/11/2023,79171,244.64,11/28/2025 8:26
863,dataset_863,marketing,external,3/19/2024,21499,289.12,11/28/2025 8:26
864,dataset_864,operations,internal,6/14/2024,90473,186.31,11/28/2025 8:26
865,dataset_865,marketing,external,12/31/2023,70285,110.6,11/28/2025 8:26
866,dataset_866,security,external,9/4/2023,78050,362.95,11/28/2025 8:26
867,dataset_867,marketing,internal,6/16/2024,56034,301.03,11/28/2025 8:26
868,dataset_868,operations,internal,5/11/2024,25600,258.91,11/28/2025 8:26
869,dataset_869,hr,public,11/13/2024,79037,446.34,11/28/2025 8:26
870,dataset_870,marketing,partner,3/17/2023,72277,77.85,11/28/2025 8:26
871,dataset_871,marketing,partner,3/12/2023,48811,277.39,11/28/2025 8:26
872,dataset_872,security,partner,4/28/2024,52050,395.17,11/28/2025 8:26
873,dataset_873,sales,public,10/11/2023,97781,401.86,11/28/2025 8:26
874,dataset_874,marketing,public,4/6/2023,63399,252.44,11/28/2025 8:26
875,dataset_875,marketing,public,3/24/2024,52021,425.31,11/28/2025 8:26
876,dataset_876,marketing,external,6/1/2024,96216,15.65,11/28/2025 8:26
877,dataset_877,hr,external,5/11/2024,29398,394.08,11/28/2025 8:26
878,dataset_878,hr,external,7/18/2023,30400,51.02,11/28/2025 8:26
879,dataset_879,marketing,public,2/15/2024,31143,56.19,11/28/2025 8:26
880,dataset_880,operations,public,5/25/2023,57500,320.18,11/28/2025 8:26
881,dataset_881,sales,public,10/2/2024,42971,452.63,11/28/2025 8:26
882,dataset_882,operations,public,6/2/2024,74683,57.91,11/28/2025 8:26
883,dataset_883,hr,partner,6/21/2024,32279,209.09,11/28/2025 8:26
884,dataset_884,sales,partner,5/12/2024,10771,400.47,11/28/2025 8:26
885,dataset_885,hr,internal,11/25/2023,27476,497.65,11/28/2025 8:26
886,dataset_886,security,partner,5/11/2023,65732,15.53,11/28/2025 8:26
887,dataset_887,sales,external,6/27/2024,66034,459.73,11/28/2025 8:26
888,dataset_888,sales,external,7/16/2023,71644,207.8,11/28/2025 8:26
889,dataset_889,marketing,external,3/9/2024,80463,62.34,11/28/2025 8:26
890,dataset_890,security,partner,10/25/2023,89437,248.99,11/28/2025 8:26
891,dataset_891,security,external,10/30/2023,41841,330.15,11/28/2025 8:26
892,dataset_892,operations,internal,6/3/2024,87002,305.02,11/28/2025 8:26
893,dataset_893,hr,public,11/23/2023,26260,370.68,11/28/2025 8:26
894,dataset_894,sales,internal,4/1/2024,58854,376.29,11/28/2025 8:26
895,dataset_895,marketing,public,11/21/2024,65576,345.88,11/28/2025 8:26
896,dataset_896,sales,partner,9/21/2024,78958,415.12,11/28/2025 8:26
897,dataset_897,sales,public,9/2/2023,54463,432.52,11/28/2025 8:26
898,dataset_898,hr,internal,6/19/2024,45778,216.04,11/28/2025 8:26
899,dataset_899,marketing,external,3/14/2024,50420,373.96,11/28/2025 8:26
900,dataset_900,hr,partner,9/28/2023,47331,436.74,11/28/2025 8:26
901,dataset_901,sales,internal,1/30/2024,11589,202.51,11/28/2025 8:26
902,dataset_902,security,public,1/15/2023,34000,25.87,11/28/2025 8:26
903,dataset_903,hr,partner,9/4/2023,31368,106.75,11/28/2025 8:26
904,dataset_904,hr,public,8/26/2023,22134,325.92,11/28/2025 8:26
905,dataset_905,security,external,1/28/2024,96678,203.28,11/28/2025 8:26
906,dataset_906,operations,external,9/11/2023,51141,104.36,11/28/2025 8:26
907,dataset_907,operations,partner,6/13/2024,43146,351.13,11/28/2025 8:26
908,dataset_908,hr,partner,7/21/2024,82793,36.64,11/28/2025 8:26
909,dataset_909,hr,partner,10/17/2023,18916,281.89,11/28/2025 8:26
910,dataset_910,marketing,external,11/30/2023,53700,122.46,11/28/2025 8:26
911,dataset_911,hr,partner,9/16/2024,12671,377.32,11/28/2025 8:26
912,dataset_912,hr,public,1/18/2024,60342,449.94,11/28/2025 8:26
913,dataset_913,marketing,internal,8/17/2024,87885,336.69,11/28/2025 8:26
914,dataset_914,marketing,public,8/22/2024,50786,114.14,11/28/2025 8:26
915,dataset_915,sales,external,12/20/2023,35120,311.39,11/28/2025 8:26
916,dataset_916,operations,partner,3/24/2024,56381,489.31,11/28/2025 8:26
917,dataset_917,operations,partner,6/22/2024,11284,469.48,11/28/2025 8:26
918,dataset_918,hr,public,10/12/2024,22500,367.09,11/28/2025 8:26
919,dataset_919,marketing,public,10/23/2023,68602,89.93,11/28/2025 8:26
920,dataset_920,operations,partner,4/1/2024,87505,332.77,11/28/2025 8:26
921,dataset_921,marketing,external,8/5/2023,37027,355.48,11/28/2025 8:26
922,dataset_922,hr,external,2/18/2024,78139,230.31,11/28/2025 8:26
923,dataset_923,security,public,9/4/2024,32744,385.36,11/28/2025 8:26
924,dataset_924,hr,partner,7/17/2024,87453,236.1,11/28/2025 8:26
925,dataset_925,operations,internal,4/19/2024,17063,111.3,11/28/2025 8:26
926,dataset_926,hr,public,3/8/2024,24712,391.87,11/28/2025 8:26
927,dataset_927,marketing,partner,6/7/2024,77975,499.7,11/28/2025 8:26
928,dataset_928,operations,partner,5/18/2023,96321,219.29,11/28/2025 8:26
929,dataset_929,operations,internal,8/6/2024,5660,420.82,11/28/2025 8:26
930,dataset_930,security,partner,2/6/2023,16196,313.12,11/28/2025 8:26
931,dataset_931,marketing,internal,10/6/2024,41608,345.79,11/28/2025 8:26
932,dataset_932,security,external,6/25/2024,99882,419.48,11/28/2025 8:26
933,dataset_933,operations,external,11/27/2023,28922,76.03,11/28/2025 8:26
934,dataset_934,marketing,partner,12/17/2023,90039,402.63,11/28/2025 8:26
935,dataset_935,marketing,public,9/29/2024,55614,326.02,11/28/2025 8:26
936,dataset_936,marketing,partner,9/18/2023,72489,197.69,11/28/2025 8:26
937,dataset_937,hr,external,4/30/2024,33730,200.47,11/28/2025 8:26
938,dataset_938,security,external,5/8/2024,95902,457.2,11/28/2025 8:26
939,dataset_939,security,public,4/5/2023,46298,266.05,11/28/2025 8:26
940,dataset_940,security,partner,7/16/2023,86598,432.51,11/28/2025 8:26
941,dataset_941,hr,public,3/10/2023,18810,252.1,11/28/2025 8:26
942,dataset_942,hr,external,2/2/2023,51673,489.55,11/28/2025 8:26
943,dataset_943,marketing,public,3/15/2024,4463,120.98,11/28/2025 8:26
944,dataset_944,sales,external,10/30/2023,23137,141.34,11/28/2025 8:26
945,dataset_945,operations,public,1/23/2023,54850,97.65,11/28/2025 8:26
946,dataset_946,hr,external,4/15/2023,73060,271.52,11/28/2025 8:26
947,dataset_947,sales,public,1/17/2023,53590,24.22,11/28/2025 8:26
948,dataset_948,sales,external,8/22/2024,72914,171,11/28/2025 8:26
949,dataset_949,sales,public,4/7/2024,28009,253.92,11/28/2025 8:26
950,dataset_950,hr,external,11/30/2023,53546,213.59,11/28/2025 8:26
951,dataset_951,security,public,4/20/2023,54176,461.4,11/28/2025 8:26
952,dataset_952,marketing,public,4/21/2023,53712,407.87,11/28/2025 8:26
953,dataset_953,security,public,5/17/2024,68659,132.22,11/28/2025 8:26
954,dataset_954,hr,partner,12/29/2023,58622,430.93,11/28/2025 8:26
955,dataset_955,sales,public,2/6/2024,76834,122.14,11/28/2025 8:26
956,dataset_956,security,internal,4/10/2024,57804,383.33,11/28/2025 8:26
957,dataset_957,operations,public,4/12/2023,87861,110.47,11/28/2025 8:26
958,dataset_958,security,internal,8/27/2024,46862,11.91,11/28/2025 8:26
959,dataset_959,sales,external,8/23/2024,38841,301.17,11/28/2025 8:26
960,dataset_960,hr,partner,10/20/2024,22890,281.91,11/28/2025 8:26
961,dataset_961,marketing,partner,6/28/2023,41094,243.9,11/28/2025 8:26
962,dataset_962,marketing,internal,6/4/2024,98362,15.56,11/28/2025 8:26
963,dataset_963,sales,partner,11/6/2024,14570,152.13,11/28/2025 8:26
964,dataset_964,operations,internal,3/27/2023,77207,375.37,11/28/2025 8:26
965,dataset_965,marketing,internal,6/28/2023,74326,389.37,11/28/2025 8:26
966,dataset_966,operations,partner,12/17/2023,49677,134.2,11/28/2025 8:26
967,dataset_967,marketing,external,5/23/2023,57382,466.74,11/28/2025 8:26
968,dataset_968,security,internal,5/30/2024,60418,98.12,11/28/2025 8:26
969,dataset_969,marketing,internal,2/24/2024,20798,226.28,11/28/2025 8:26
970,dataset_970,sales,internal,11/30/2024,65812,92.65,11/28/2025 8:26
971,dataset_971,security,internal,8/18/2024,46402,41.63,11/28/2025 8:26
972,dataset_972,operations,internal,2/27/2023,30930,21.41,11/28/2025 8:26
973,dataset_973,marketing,internal,6/15/2023,84331,10.3,11/28/2025 8:26
974,dataset_974,security,partner,1/23/2023,53898,190.52,11/28/2025 8:26
975,dataset_975,security,partner,7/3/2023,23225,343.1,11/28/2025 8:26
976,dataset_976,operations,partner,9/14/2024,89303,68.85,11/28/2025 8:26
977,dataset_977,hr,internal,12/1/2023,95812,9.66,11/28/2025 8:26
978,dataset_978,operations,public,9/7/2023,16253,296.53,11/28/2025 8:26
979,dataset_979,operations,public,3/16/2024,84008,281.17,11/28/2025 8:26
980,dataset_980,marketing,public,12/19/2023,66878,313.6,11/28/2025 8:26
981,dataset_981,sales,internal,10/24/2023,73214,432.42,11/28/2025 8:26
982,dataset_982,hr,public,2/21/2024,42069,412.11,11/28/2025 8:26
983,dataset_983,operations,internal,3/23/2023,78619,473.59,11/28/2025 8:26
984,dataset_984,sales,partner,5/31/2024,20187,137.35,11/28/2025 8:26
985,dataset_985,hr,external,12/25/2023,38064,393.61,11/28/2025 8:26
986,dataset_986,sales,internal,8/20/2024,4971,69.36,11/28/2025 8:26
987,dataset_987,sales,public,7/26/2024,70894,177.64,11/28/2025 8:26
988,dataset_988,operations,external,6/15/2024,57734,76.6,11/28/2025 8:26
989,dataset_989,security,partner,7/8/2023,23312,273,11/28/2025 8:26
990,dataset_990,marketing,internal,12/29/2023,42074,439.22,11/28/2025 8:26
991,dataset_991,hr,internal,3/19/2023,71191,80.99,11/28/2025 8:26
992,dataset_992,operations,partner,4/23/2023,5986,319.54,11/28/2025 8:26
993,dataset_993,operations,public,7/24/2024,45621,54.53,11/28/2025 8:26
994,dataset_994,hr,internal,7/25/2024,9322,121.55,11/28/2025 8:26
995,dataset_995,hr,public,1/6/2023,68708,478.85,11/28/2025 8:26
996,dataset_996,marketing,partner,11/28/2024,98941,160.58,11/28/2025 8:26
997,dataset_997,operations,public,5/15/2023,82240,429.05,11/28/2025 8:26
998,dataset_998,hr,external,12/24/2023,33014,403.09,11/28/2025 8:26
999,dataset_999,marketing,internal,5/3/2023,18980,459.39,11/28/2025 8:26
1000,dataset_1000,security,partner,5/16/2023,76645,216.18,11/28/2025 8:26
